,textures/29th_map/Concrete1.wal,textures/29th_map/concrete1.wal
,textures/afrowuk2/afrow_textured6b.jpg,textures/afrow_textured6b.jpg
,textures/afrowuk2/afrow_textured6b.wal,textures/afrow_textured6b.wal
,textures/asian_babe/FA0092.wal,textures/asian_babe/fa0092.wal
,textures/asian_babe/FA0127.WAL,textures/asian_babe/fa0127.wal
,textures/brick_block/brick_2.jpg,textures/hires/brkblk/brick_2.png
,textures/dday2/b2.wal,textures/chicken/b2.wal
,textures/dday3/metal_door.wal,textures/metal_door.wal
,textures/e1u1/BLUEKEYPAD.wal,textures/E1U1/BLUEKEYPAD.wal
,textures/e1u3/fmet2_2.png,textures/E1U3/FMET2_2.png
,textures/e1u3/fmet2_2.wal,textures/E1U3/FMET2_2.wal
,textures/e2u1/metal32_2.png,textures/E2U1/METAL32_2.png
,textures/e2u1/metal32_2.wal,textures/E2U1/METAL32_2.wal
,textures/e2u2/metal18_2.png,textures/E2U2/METAL18_2.png
,textures/e2u2/metal18_2.wal,textures/E2U2/METAL18_2.wal
,textures/e2u3/rmetal6_1.png,textures/E2U3/rmetal6_1.png
,textures/e2u3/rmetal6_1.wal,textures/E2U3/rmetal6_1.wal
,textures/e3u2/bluekeypad.png,textures/E1U1/BLUEKEYPAD.png
,textures/e3u3/arvnt1_2.png,textures/E3U3/arvnt1_2.png
,textures/e3u3/arvnt1_2.wal,textures/E3U3/arvnt1_2.wal
,textures/faf/glider.wal,textures/FAF/GLIDER.wal
,textures/grim/dtree1.wal,textures/GRIM/DTREE1.wal
,textures/grim/dtree4.wal,textures/GRIM/DTREE4.wal
,textures/grim/dtree9.wal,textures/GRIM/DTREE9.wal
,textures/gwb/bush11.wal,textures/hires/bushes/bush11.wal
,textures/gwb/bush12.wal,textures/hires/bushes/bush12.wal
,textures/gwb/bush13.wal,textures/hires/bushes/bush13.wal
,textures/jhtex/tunnelroof1.wal,textures/tunnelroof1.wal
,textures/Julhelm_stone/ST0144.wal,textures/julhelm_stone/st0144.wal
,textures/Julhelm_stone/ST0420.wal,textures/julhelm_stone/st0420.wal
,textures/Julhelm_stone/ST0473.wal,textures/julhelm_stone/st0473.wal
,textures/Julhelm_stone/ST0478.wal,textures/julhelm_stone/st0478.wal
,textures/Julhelm_stone/ST0499.wal,textures/julhelm_stone/st0499.wal
,textures/Julhelm_stone/ST0586.wal,textures/julhelm_stone/st0586.wal
,textures/Julhelm_stone/ST0618.wal,textures/julhelm_stone/st0618.wal
,textures/Julhelm_stone/ST0787.wal,textures/julhelm_stone/st0787.wal
,textures/LEE/GAM.WAL,textures/lee/gam.wal
,textures/LEE/KINGKANG.WAL,textures/lee/kingkang.wal
,textures/props/pipes.tga,textures/hires/prop/pipes.tga
,textures/props/tdk10_kitopen6.png,textures/hires/prop/tdk10_kitopen6.png
,textures/props/tdk10_kitopen6.tga,textures/hires/prop/tdk10_kitopen6.tga
,textures/props/tdk10_kitopen7.jpg,textures/hires/prop/tdk10_kitopen7.jpg
,textures/props/tdk10_kitopen7.png,textures/hires/prop/tdk10_kitopen7.png
,textures/props/tdk10_kitsink.png,textures/hires/prop/tdk10_kitsink.png
,textures/props/tdk10_kitsink.tga,textures/hires/prop/tdk10_kitsink.tga
,textures/props/tdk9_elec05.png,textures/hires/prop/tdk9_elec05.png
,textures/props/tdk9_elec05.tga,textures/hires/prop/tdk9_elec05.tga
,textures/props/tdk9_elec11.jpg,textures/hires/prop/tdk9_elec11.wal
,textures/remedy/NATUPUR/Grass4.wal,textures/remedy/natupur/grass4.wal
,textures/strag/drawersf.wal,textures/citytexs/drawersf.wal
,textures/strag/drawersf.wal,textures/CityTexs/drawersf.wal
,textures/wood/wd_sy_m1.wal,textures/WOOD/WD_SY_M1.wal
,textures/Yellow.wal,textures/loosebob/yellow.wal
